NAMESHORT_SB;NAME_SB;URL_SB;URL_NN;NAME_NORDNET;NAMESHORT_NORDNET;MARKET_ID;IDENTIFIER_ID;GROUP_BUY;ACTIVE;ACTIVE_TEMP;AMOUNT_HELD;PRICE;PRICE_TEMP
G5EN.ST;G5 ENTERTAINMENT;https://www.swedishbulls.com/SignalPage.aspx?lang=en&Ticker=G5EN.ST;https://www.nordnet.se/mux/web/marknaden/aktiehemsidan/index.html?identifier=60158&marketid=11;G5 Entertainment AB;G5EN;11;60158;GROUP 1_mediumRisk;;;;315.8;
BIOT.ST;BIOTAGE;https://www.swedishbulls.com/SignalPage.aspx?lang=en&Ticker=BIOT.ST;https://www.nordnet.se/mux/web/marknaden/aktiehemsidan/index.html?identifier=5209&marketid=11;Biotage AB;BIOT;11;5209;GROUP 1_mediumRisk;;;;80.1;
BIM.ST;BIMOBJECT;https://www.swedishbulls.com/SignalPage.aspx?lang=en&Ticker=BIM.ST;https://www.nordnet.se/mux/web/marknaden/aktiehemsidan/index.html?identifier=99204&marketid=11;BIMobject AB;BIM;11;99204;GROUP 1_mediumRisk;;;;36.2;
HTRO.ST;HEXATRONIC GROUP;https://www.swedishbulls.com/SignalPage.aspx?lang=en&Ticker=HTRO.ST;https://www.nordnet.se/mux/web/marknaden/aktiehemsidan/index.html?identifier=82816&marketid=11;Hexatronic Group AB;HTRO;11;82816;GROUP 1_mediumRisk;;;;57.5;
CRAD-B.ST;C-RAD B;https://www.swedishbulls.com/SignalPage.aspx?lang=en&Ticker=CRAD-B.ST;https://www.nordnet.se/mux/web/marknaden/aktiehemsidan/index.html?identifier=74313&marketid=11;C-RAD AB ser. B;CRAD B;11;74313;GROUP 1_mediumRisk;;;;31.0;
RAY-B.ST;RAYSEARCH LABORATORIES B;https://www.swedishbulls.com/SignalPage.aspx?lang=en&Ticker=RAY-B.ST;https://www.nordnet.se/mux/web/marknaden/aktiehemsidan/index.html?identifier=1063&marketid=11;RaySearch Laboratories AB ser. B;RAY B;11;1063;GROUP 1_mediumRisk;;;;123.8;
ACTI.ST;ACTIVE BIOTECH;https://www.swedishbulls.com/SignalPage.aspx?lang=en&Ticker=ACTI.ST;https://www.nordnet.se/mux/web/marknaden/aktiehemsidan/index.html?identifier=877&marketid=11;Active Biotech AB;ACTI;11;877;GROUP 2_highRisk;;;;2.77;
BEGR.ST;BE GROUP;https://www.swedishbulls.com/SignalPage.aspx?lang=en&Ticker=BEGR.ST;https://www.nordnet.se/mux/web/marknaden/aktiehemsidan/index.html?identifier=37309&marketid=11;BE Group AB;BEGR;11;37309;GROUP 1_mediumRisk;;;;47.0;
MEDR-B.ST;MEDIRATT B;https://www.swedishbulls.com/SignalPage.aspx?lang=en&Ticker=MEDR-B.ST;https://www.nordnet.se/mux/web/marknaden/aktiehemsidan/index.html?identifier=81251&marketid=11;MediRätt AB;MEDR B;11;81251;GROUP 2_highRisk;;;;5.83;
NXTMS.ST;NEXSTIM;https://www.swedishbulls.com/SignalPage.aspx?lang=en&Ticker=NXTMS.ST;https://www.nordnet.se/mux/web/marknaden/aktiehemsidan/index.html?identifier=103571&marketid=11;Nexstim Oyj;NXTMS;11;103571;GROUP 1_mediumRisk;;;;2.05;
EOID.NGM;EYEONID GROUP;https://www.swedishbulls.com/SignalPage.aspx?lang=en&Ticker=EOID.NGM;https://www.nordnet.se/mux/web/marknaden/aktiehemsidan/index.html?identifier=3EBY&marketid=13;Eyeonid Group;EOID MTF;13;3EBY;GROUP 1_mediumRisk;;;;11.78;
IBT-B.ST;INFANT BACTERIAL THERAPEUTICS;https://www.swedishbulls.com/SignalPage.aspx?lang=en&Ticker=IBT-B.ST;https://www.nordnet.se/mux/web/marknaden/aktiehemsidan/index.html?identifier=120381&marketid=11;Infant Bacterial Therapeutics AB ser. B;IBT B;11;120381;GROUP 1_mediumRisk;;;;139.0;
PIEZO.ST;PIEZOMOTOR UPPSALA;https://www.swedishbulls.com/SignalPage.aspx?lang=en&Ticker=PIEZO.ST;https://www.nordnet.se/mux/web/marknaden/aktiehemsidan/index.html?identifier=123299&marketid=11;PiezoMotor Uppsala AB;PIEZO;11;123299;GROUP 1_mediumRisk;;;;44.1;
ONCO.ST;ONCOPEPTIDES;https://www.swedishbulls.com/SignalPage.aspx?lang=en&Ticker=ONCO.ST;https://www.nordnet.se/mux/web/marknaden/aktiehemsidan/index.html?identifier=133615&marketid=11;Oncopeptides AB;ONCO;11;133615;GROUP 1_mediumRisk;;;;76.3;
HEMC.ST;HEMCHECK SWEDEN;https://www.swedishbulls.com/SignalPage.aspx?lang=en&Ticker=HEMC.ST;https://www.nordnet.se/mux/web/marknaden/aktiehemsidan/index.html?identifier=135098&marketid=11;Hemcheck Sweden AB;HEMC;11;135098;GROUP 1_mediumRisk;;;;8.41;
MYFC.ST;MYFC HOLDING;https://www.swedishbulls.com/SignalPage.aspx?lang=en&Ticker=MYFC.ST;https://www.nordnet.se/mux/web/marknaden/aktiehemsidan/index.html?identifier=101187&marketid=11;myFC Holding AB;MYFC;11;101187;GROUP 2_highRisk;;;;4.97;
SAVOS.ST;SAVO SOLAR;https://www.swedishbulls.com/SignalPage.aspx?lang=en&Ticker=SAVOS.ST;https://www.nordnet.se/mux/web/marknaden/aktiehemsidan/index.html?identifier=108026&marketid=11;Savosolar Plc;SAVOS;11;108026;GROUP 2_highRisk;;;;0.62;
DIVI-B.NGM;DIVIDEND SWEDEN;https://www.swedishbulls.com/SignalPage.aspx?lang=en&Ticker=DIVI-B.NGM;https://www.nordnet.se/mux/web/marknaden/aktiehemsidan/index.html?identifier=33RG&marketid=13;Dividend Sweden B;DIVI MTF B;13;33RG;GROUP 2_highRisk;;;;0.327;
